<?xml version="1.0" encoding="UTF-8"?>

<enemies>

	<enemy id="ship">
		<life>20</life>
		<image>ships/ship.png</image>

		<appear time="5">
			<posX>200</posX>
			<posY>700</posY>
		</appear>

		<appear time="5">
			<posX>350</posX>
			<posY>700</posY>
		</appear>

		
		<appear time="15">
			<posX>150</posX>
			<posY>700</posY>
		</appear>

		<appear time="15">
			<posX>250</posX>
			<posY>700</posY>
		</appear>

		<appear time="15">
			<posX>450</posX>
			<posY>700</posY>
		</appear>

		<actions repeattime="6">
			<move beg="1" end="2">
				<angle>235</angle>
				<velocity>100</velocity>
			</move>

			<move beg="3" end="4">
				<angle>270</angle>
				<velocity>100</velocity>
			</move>

			<move beg="5" end="6">
				<angle>300</angle>
				<velocity>100</velocity>
			</move>

			<fire beg="1" end="2">
				<name>Fireball</name>
				<angle>270</angle>
				<velocity>200</velocity>
			</fire>

			<fire beg="5" end="6">
				<name>Shuriken</name>
				<angle>270</angle>
				<velocity>200</velocity>
			</fire>			
		</actions>		
	</enemy>
	
	<enemy id="enemy1">
		<life>25</life>
		<image>ships/enemy1.png</image>

		<appear time="10">
			<posX>150</posX>
			<posY>700</posY>
		</appear>

		<appear time="10">
			<posX>250</posX>
			<posY>700</posY>
		</appear>

		<appear time="10">
			<posX>450</posX>
			<posY>700</posY>
		</appear>

		<appear time="30">
			<posX>200</posX>
			<posY>700</posY>
		</appear>

		<appear time="30">
			<posX>400</posX>
			<posY>700</posY>
		</appear>

		<appear time="45">
			<posX>200</posX>
			<posY>700</posY>
		</appear>

		<appear time="45">
			<posX>400</posX>
			<posY>700</posY>
		</appear>
		
		<actions repeattime="4">
			<move beg="1" end="2">
				<angle>270</angle>
				<velocity>100</velocity>
			</move>

			<move beg="3" end="4">
				<angle>180</angle>
				<velocity>100</velocity>
			</move>

			<move beg="5" end="6">
				<angle>0</angle>
				<velocity>100</velocity>
			</move>

			<fire beg="1" end="2">
				<name>Shuriken</name>
				<angle>305</angle>
				<velocity>200</velocity>
			</fire>

			<fire beg="5" end="6">
				<name>Missile</name>
				<angle>235</angle>
				<velocity>200</velocity>
			</fire>			
		</actions>		
	</enemy>
	
	
	<enemy id="enemy2">
		<life>30</life>
		<image>ships/enemy2.png</image>

		<appear time="20">
			<posX>150</posX>
			<posY>700</posY>
		</appear>

		<appear time="20">
			<posX>250</posX>
			<posY>700</posY>
		</appear>
		
		<appear time="40">
			<posX>100</posX>
			<posY>700</posY>
		</appear>

		<appear time="40">
			<posX>200</posX>
			<posY>700</posY>
		</appear>

		<appear time="40">
			<posX>300</posX>
			<posY>700</posY>
		</appear>

		<appear time="40">
			<posX>400</posX>
			<posY>700</posY>
		</appear>

		<actions repeattime="6">
			<move beg="1" end="2">
				<angle>270</angle>
				<velocity>100</velocity>
			</move>

			<move beg="3" end="4">
				<angle>300</angle>
				<velocity>100</velocity>
			</move>

			<move beg="5" end="6">
				<angle>240</angle>
				<velocity>100</velocity>
			</move>

			<fire beg="1" end="2">
				<name>Shiboleet</name>
				<angle>270</angle>
				<velocity>200</velocity>
			</fire>

			<fire beg="5" end="6">
				<name>Fireball</name>
				<angle>270</angle>
				<velocity>200</velocity>
			</fire>			
		</actions>		
	</enemy>
	
	
	<enemy id="enemy3">
		<life>35</life>
		<image>ships/enemy3.png</image>

		<appear time="60">
			<posX>150</posX>
			<posY>700</posY>
		</appear>

		<appear time="50">
			<posX>250</posX>
			<posY>700</posY>
		</appear>

		<appear time="50">
			<posX>450</posX>
			<posY>700</posY>
		</appear>

		<actions repeattime="6">
			<move beg="1" end="2">
				<angle>270</angle>
				<velocity>100</velocity>
			</move>

			<move beg="3" end="4">
				<angle>300</angle>
				<velocity>100</velocity>
			</move>

			<move beg="5" end="6">
				<angle>240</angle>
				<velocity>100</velocity>
			</move>

			<fire beg="1" end="2">
				<name>Missile</name>
				<angle>235</angle>
				<velocity>200</velocity>
			</fire>

			<fire beg="5" end="6">
				<name>Shiboleet</name>
				<angle>270</angle>
				<velocity>200</velocity>
			</fire>			
		</actions>		
	</enemy>


	<boss>
		<life>350</life>
		<image>ships/boss1/boss.png</image>

		<appear time="60">
			<posX>150</posX>
			<posY>950</posY>
		</appear>

		<actions repeattime="10">
			<move beg="2" end="3">
				<angle>-90</angle>
				<velocity>70</velocity>
			</move>
			
			<move beg="4" end="5">
				<angle>0</angle>
				<velocity>50</velocity>
			</move>
			
			<move beg="7" end="8">
				<angle>90</angle>
				<velocity>70</velocity>
			</move>
			
			<move beg="9" end="10">
				<angle>180</angle>
				<velocity>50</velocity>
			</move>
			

			<fire beg="4" end="6">
				<name>ShiboleetExtended</name>
				<angle>270</angle>
				<velocity>250</velocity>
			</fire>
			
			<fire beg="6" end="7">
				<name>Shiboleet</name>
				<angle>235</angle>
				<velocity>250</velocity>
			</fire>

			<fire beg="7" end="8">
				<name>Shiboleet</name>
				<angle>270</angle>
				<velocity>250</velocity>
			</fire>
			
			<fire beg="8" end="9">
				<name>Shiboleet</name>
				<angle>305</angle>
				<velocity>250</velocity>
			</fire>
		</actions>
	</boss>
</enemies>

