<?xml version="1.0" encoding="UTF-8"?>

<enemies>

	<enemy id="ship">
		<life>10</life>
		<image>ships/ship_big.png</image>

		<appear time="5">
			<posX>150</posX>
			<posY>700</posY>
		</appear>

		<appear time="5">
			<posX>250</posX>
			<posY>700</posY>
		</appear>

		<appear time="5">
			<posX>450</posX>
			<posY>700</posY>
		</appear>

		<actions repeattime="6">
			<move beg="1" end="2">
				<angle>270</angle>
				<velocity>100</velocity>
			</move>

			<move beg="3" end="4">
				<angle>300</angle>
				<velocity>100</velocity>
			</move>

			<move beg="5" end="6">
				<angle>240</angle>
				<velocity>100</velocity>
			</move>

			<fire beg="1" end="2">
				<name>Fireball</name>
				<angle>265</angle>
				<velocity>200</velocity>
			</fire>

			<fire beg="5" end="6">
				<name>Shiboleet</name>
				<angle>275</angle>
				<velocity>200</velocity>
			</fire>			
		</actions>		
	</enemy>
	
	<enemy id="enemy1">
		<life>50</life>
		<image>ships/enemy1.png</image>

		<appear time="10">
			<posX>150</posX>
			<posY>700</posY>
		</appear>

		<appear time="10">
			<posX>250</posX>
			<posY>700</posY>
		</appear>

		<appear time="10">
			<posX>450</posX>
			<posY>700</posY>
		</appear>

		<actions repeattime="6">
			<move beg="1" end="2">
				<angle>270</angle>
				<velocity>100</velocity>
			</move>

			<move beg="3" end="4">
				<angle>300</angle>
				<velocity>100</velocity>
			</move>

			<move beg="5" end="6">
				<angle>240</angle>
				<velocity>100</velocity>
			</move>

			<fire beg="1" end="2">
				<name>Fireball</name>
				<angle>300</angle>
				<velocity>200</velocity>
			</fire>

			<fire beg="5" end="6">
				<name>Shiboleet</name>
				<angle>250</angle>
				<velocity>200</velocity>
			</fire>			
		</actions>		
	</enemy>
	
	<enemy id="enemy2">
		<life>100</life>
		<image>ships/enemy2.png</image>

		<appear time="15">
			<posX>150</posX>
			<posY>700</posY>
		</appear>

		<appear time="15">
			<posX>250</posX>
			<posY>700</posY>
		</appear>

		<appear time="15">
			<posX>450</posX>
			<posY>700</posY>
		</appear>

		<actions repeattime="6">
			<move beg="1" end="2">
				<angle>270</angle>
				<velocity>100</velocity>
			</move>

			<move beg="3" end="4">
				<angle>300</angle>
				<velocity>100</velocity>
			</move>

			<move beg="5" end="6">
				<angle>240</angle>
				<velocity>100</velocity>
			</move>

			<fire beg="1" end="2">
				<name>Fireball</name>
				<angle>250</angle>
				<velocity>200</velocity>
			</fire>

			<fire beg="5" end="6">
				<name>Shiboleet</name>
				<angle>300</angle>
				<velocity>200</velocity>
			</fire>			
		</actions>		
	</enemy>
	
	
	<enemy id="enemy3">
		<life>200</life>
		<image>ships/enemy3.png</image>

		<appear time="20">
			<posX>150</posX>
			<posY>700</posY>
		</appear>

		<appear time="20">
			<posX>250</posX>
			<posY>700</posY>
		</appear>

		<appear time="20">
			<posX>450</posX>
			<posY>700</posY>
		</appear>

		<actions repeattime="6">
			<move beg="1" end="2">
				<angle>270</angle>
				<velocity>100</velocity>
			</move>

			<move beg="3" end="4">
				<angle>300</angle>
				<velocity>100</velocity>
			</move>

			<move beg="5" end="6">
				<angle>240</angle>
				<velocity>100</velocity>
			</move>

			<fire beg="1" end="2">
				<name>Fireball</name>
				<angle>300</angle>
				<velocity>200</velocity>
			</fire>

			<fire beg="5" end="6">
				<name>Shiboleet</name>
				<angle>250</angle>
				<velocity>200</velocity>
			</fire>			
		</actions>		
	</enemy>


	<boss>
		<life>400</life>
		<image>ships/boss1/boss.png</image>

		<appear time="25">
			<posX>150</posX>
			<posY>950</posY>
		</appear>

		<actions repeattime="10">
			<move beg="2" end="3">
				<angle>-90</angle>
				<velocity>70</velocity>
			</move>
			
			<move beg="4" end="5">
				<angle>0</angle>
				<velocity>50</velocity>
			</move>
			
			<move beg="7" end="8">
				<angle>90</angle>
				<velocity>70</velocity>
			</move>
			
			<move beg="9" end="10">
				<angle>180</angle>
				<velocity>50</velocity>
			</move>
			

			<fire beg="4" end="6">
				<name>ShiboleetExtended</name>
				<angle>270</angle>
				<velocity>250</velocity>
			</fire>

		</actions>
	</boss>
</enemies>

